day,month,year,UTC hours,minutes,seconds,latitude,longitude,altitude(m),speed(m/s),course,HDOP,number of Satellites
21,6,2024,9,5,22,42.3236305,117.2046545,1516.2,0.0210922327,-1,1.65,5
21,6,2024,9,5,23,42.323629,117.20465433333334,1516.3,0.0149188963,-1,1.65,5
21,6,2024,9,5,24,42.323628166666666,117.20465366666667,1516.2,0.1193511704,-1,1.65,5
21,6,2024,9,5,25,42.32345733333333,117.2045755,1515.0,0.15793452289999999,-1,0.97,7
21,6,2024,9,5,26,42.32343916666667,117.20456866666666,1515.2,0.019034453899999998,-1,0.89,7
21,6,2024,9,5,27,42.32342766666667,117.20456516666667,1515.7,0.0061733364,-1,0.89,7
21,6,2024,9,5,28,42.323413,117.20456033333333,1516.6,0.0128611175,-1,0.89,7
21,6,2024,9,5,29,42.3234065,117.20455833333334,1516.9,0.0174911198,-1,0.89,7
21,6,2024,9,5,30,42.323405,117.204559,1517.3,0.0144044516,-1,0.89,7
21,6,2024,9,5,31,42.32340383333333,117.20455933333334,1517.5,0.005144447,-1,0.89,7
21,6,2024,9,5,32,42.3234015,117.20455816666667,1517.4,0.009260004599999998,-1,0.89,7
21,6,2024,9,5,33,42.32339866666667,117.204557,1517.5,0.0072022258,-1,0.89,7
21,6,2024,9,5,34,42.32339616666667,117.20455533333333,1517.6,0.007716670499999999,-1,0.89,7
21,6,2024,9,5,35,42.32339483333333,117.20455466666667,1517.4,0.0097744493,-1,0.89,7
21,6,2024,9,5,36,42.32339366666667,117.204554,1517.4,0.013375562199999998,-1,0.89,7
21,6,2024,9,5,37,42.32339366666667,117.20455433333333,1517.4,0.0128611175,-1,0.89,7
21,6,2024,9,5,38,42.3233935,117.2045545,1517.3,0.0020577788,-1,0.89,7
21,6,2024,9,5,39,42.32339266666666,117.20455466666667,1516.8,0.013375562199999998,-1,0.78,11
21,6,2024,9,5,40,42.323393,117.20455516666667,1516.1,0.0010288894,-1,0.76,11
21,6,2024,9,5,41,42.3233935,117.2045555,1515.6,0.0041155576,-1,0.76,11
21,6,2024,9,5,42,42.323394,117.20455583333333,1515.0,0.009260004599999998,-1,0.76,11
21,6,2024,9,5,43,42.323394666666665,117.20455616666666,1514.7,0.007716670499999999,-1,0.76,11
21,6,2024,9,5,44,42.32339533333333,117.2045565,1514.4,0.010288894,-1,0.76,11
21,6,2024,9,5,45,42.32339566666667,117.204557,1514.3,0.026751124399999996,-1,0.76,11
21,6,2024,9,5,46,42.323396333333335,117.20455733333333,1514.2,0.0041155576,-1,0.76,11
21,6,2024,9,5,47,42.323396833333334,117.20455783333334,1514.1,0.0025722235,-1,0.76,11
21,6,2024,9,5,48,42.323397166666666,117.20455833333334,1514.1,0.0097744493,-1,0.76,11
21,6,2024,9,5,49,42.32339783333333,117.20455983333333,1514.3,0.1774834215,-1,0.72,12
21,6,2024,9,5,50,42.323400666666664,117.20456283333333,1515.6,0.2628812417,29.58,0.72,12
21,6,2024,9,5,51,42.32340166666667,117.20456383333334,1516.2,0.1363278455,-1,0.72,12
21,6,2024,9,5,52,42.323403,117.20456433333334,1517.4,0.1126633893,-1,0.75,12
21,6,2024,9,5,53,42.323403666666664,117.2045635,1518.4,0.10597560819999999,-1,0.75,12
21,6,2024,9,5,54,42.323404333333336,117.20456266666666,1519.6,0.10854783169999999,-1,0.72,12
21,6,2024,9,5,55,42.32340383333333,117.204562,1521.0,0.12038005980000001,-1,0.72,12
21,6,2024,9,5,56,42.32340283333333,117.2045615,1522.5,0.13015450909999998,-1,0.72,12
21,6,2024,9,5,57,42.323402333333334,117.204561,1524.0,0.0853978202,-1,0.72,12
21,6,2024,9,5,58,42.3234025,117.20455966666667,1525.1,0.09208560129999999,-1,0.72,12
21,6,2024,9,5,59,42.32340466666667,117.20455933333334,1525.4,0.267511244,25.32,0.72,12
21,6,2024,9,6,0,42.32340533333333,117.20456033333333,1525.4,0.1383856243,-1,0.72,12
21,6,2024,9,6,1,42.323406166666665,117.204561,1525.5,0.09671560359999999,-1,0.72,12
21,6,2024,9,6,2,42.323407333333336,117.20456133333333,1525.5,0.1136922787,-1,0.74,12
21,6,2024,9,6,3,42.3234165,117.20456283333333,1525.2,1.3807695748,8.97,0.72,12
21,6,2024,9,6,4,42.323436,117.20456733333333,1524.8,2.5521601567,10.33,0.72,12
21,6,2024,9,6,5,42.323451666666664,117.2045725,1524.5,1.5320163166,12.05,0.72,12
21,6,2024,9,6,6,42.3234675,117.204579,1524.1,1.9898720995999999,16.06,0.72,12
21,6,2024,9,6,7,42.32349133333334,117.20458866666667,1524.0,3.0522004051,15.7,0.72,12
21,6,2024,9,6,8,42.3235185,117.20460083333333,1524.2,3.1674360179,17.28,0.72,12
21,6,2024,9,6,9,42.3235435,117.20461416666667,1524.2,2.814012509,20.3,0.72,12
21,6,2024,9,6,10,42.3235625,117.20462616666667,1524.3,2.0598365787999997,22.93,0.72,12
21,6,2024,9,6,11,42.323576,117.20463616666666,1524.4,1.5068085263,25.04,0.72,12
21,6,2024,9,6,12,42.323589166666665,117.2046445,1524.4,1.5983796829,23.9,0.72,12
21,6,2024,9,6,13,42.323611166666666,117.20465466666667,1524.4,2.9611436932,19.1,0.72,12
21,6,2024,9,6,14,42.323638833333334,117.204667,1524.3,3.3145672020999997,18.33,0.72,12
21,6,2024,9,6,15,42.32366783333333,117.20468116666666,1524.3,3.3685838956,19.44,0.72,12
21,6,2024,9,6,16,42.323693,117.204695,1524.3,2.7790302693999998,21.34,0.72,12
21,6,2024,9,6,17,42.323712,117.2047065,1524.3,2.0773276986,22.73,0.72,12
21,6,2024,9,6,18,42.323732666666665,117.20471783333333,1524.2,2.6406446451,22.22,0.72,12
21,6,2024,9,6,19,42.323757666666666,117.20473116666666,1524.2,3.0830670871,21.32,0.72,12
21,6,2024,9,6,20,42.323781333333336,117.20474433333334,1524.3,2.7203835736,22.4,0.72,12
21,6,2024,9,6,21,42.32380216666667,117.20475566666667,1524.3,2.4204623135,22.25,0.74,12
21,6,2024,9,6,22,42.323821,117.20476716666667,1524.2,2.3041978113,23.64,0.74,12
21,6,2024,9,6,23,42.32383866666667,117.20477716666667,1524.0,2.0598365787999997,22.74,0.77,12
21,6,2024,9,6,24,42.32385466666667,117.2047855,1523.9,1.7969553370999998,22.37,0.77,12
21,6,2024,9,6,25,42.32386733333333,117.2047935,1523.7,1.4291273765999999,23.08,0.72,12
21,6,2024,9,6,26,42.3238715,117.20479816666666,1523.7,0.2875745873,24.91,0.72,12
21,6,2024,9,6,27,42.323871,117.20479933333333,1523.6,0.19034453899999998,-1,0.72,12
21,6,2024,9,6,28,42.3238705,117.20479866666666,1523.5,0.1260389515,-1,0.72,12
21,6,2024,9,6,29,42.323870666666664,117.2047975,1523.3,0.12089450449999999,-1,0.72,12
21,6,2024,9,6,30,42.32387116666666,117.20479683333333,1523.2,0.10649005289999999,-1,0.77,12
21,6,2024,9,6,31,42.32387666666666,117.20480116666667,1523.0,1.0175716166,26.82,0.69,12
21,6,2024,9,6,32,42.323889333333334,117.20481,1522.8,1.8607464799,26.58,0.69,12
21,6,2024,9,6,33,42.323906666666666,117.20482166666666,1522.7,2.1776444150999996,26.2,0.69,12
21,6,2024,9,6,34,42.323924166666664,117.20483366666667,1522.6,2.1550088483,26.22,0.69,12
21,6,2024,9,6,35,42.32394133333333,117.20484516666667,1522.5,2.1771299704000002,26.23,0.69,12
21,6,2024,9,6,36,42.32395833333333,117.20485666666667,1522.5,2.0999632654,26.62,0.69,12
21,6,2024,9,6,37,42.32397366666667,117.20486766666667,1522.4,1.8658909269,26.99,0.69,12
21,6,2024,9,6,38,42.32398716666667,117.20487816666666,1522.2,1.6842919478,26.98,0.69,12
21,6,2024,9,6,39,42.323999666666666,117.20488766666666,1522.0,1.5567096621999998,25.38,0.66,12
21,6,2024,9,6,40,42.324012,117.20489666666667,1521.7,1.5433341,26.02,0.66,12
21,6,2024,9,6,41,42.3240225,117.20490483333333,1521.6,1.2624472938,26.36,0.66,12
21,6,2024,9,6,42,42.32403166666667,117.20491183333333,1521.5,1.1765350288999998,28.24,0.66,12
21,6,2024,9,6,43,42.324039666666664,117.204919,1521.5,1.039178294,29.64,0.66,12
21,6,2024,9,6,44,42.32405033333333,117.2049265,1521.5,1.4996063005,27.53,0.66,12
21,6,2024,9,6,45,42.32406433333333,117.20493566666667,1521.3,1.8684631504,27.0,0.7,12
21,6,2024,9,6,46,42.324078666666665,117.20494583333333,1521.2,1.8190764592,27.4,0.66,12
21,6,2024,9,6,47,42.3240915,117.20495533333333,1521.0,1.6323330330999999,28.25,0.66,12
21,6,2024,9,6,48,42.324103666666666,117.2049635,1520.8,1.4378729364999998,26.92,0.66,12
21,6,2024,9,6,49,42.324114333333334,117.20497083333333,1520.9,1.3133773191,25.77,0.66,12
21,6,2024,9,6,50,42.3241265,117.204979,1520.9,1.6138130239,25.9,0.66,12
21,6,2024,9,6,51,42.32414033333333,117.20498866666667,1520.9,1.8319375767,27.61,0.66,12
21,6,2024,9,6,52,42.324155166666664,117.204999,1520.8,1.8566309223,27.4,0.66,12
21,6,2024,9,6,53,42.324169499999996,117.20500883333334,1520.7,1.7552853164,26.29,0.66,12
21,6,2024,9,6,54,42.3241825,117.2050175,1520.5,1.5140107521,26.09,0.66,12
21,6,2024,9,6,55,42.324189833333335,117.20502316666666,1520.4,0.6394547621000001,25.96,0.66,12
21,6,2024,9,6,56,42.32419216666667,117.205024,1520.3,0.046814467699999994,-1,0.72,12
21,6,2024,9,6,57,42.3241935,117.20502533333334,1520.3,0.2788290274,24.99,0.72,12
21,6,2024,9,6,58,42.324201333333335,117.2050325,1520.2,1.3915729135,31.48,0.72,12
21,6,2024,9,6,59,42.32421133333333,117.20503983333333,1520.0,1.2248928306999998,31.05,0.72,12
21,6,2024,9,7,0,42.324215333333335,117.205043,1520.1,0.24127456429999997,-1,0.66,12
21,6,2024,9,7,1,42.32421633333333,117.20504316666667,1520.0,0.0432133548,-1,0.64,12
21,6,2024,9,7,2,42.324214833333336,117.20504483333333,1520.1,0.1553622994,-1,0.64,12
21,6,2024,9,7,3,42.324213666666665,117.20504733333334,1520.0,0.1635934146,-1,0.64,12
21,6,2024,9,7,4,42.32421316666667,117.20504916666667,1519.9,0.1476456289,-1,0.64,12
21,6,2024,9,7,5,42.324214,117.20505116666666,1519.8,0.1723389745,-1,0.64,12
21,6,2024,9,7,6,42.324215,117.20505233333333,1519.7,0.0931144907,-1,0.64,12
21,6,2024,9,7,7,42.324215,117.205053,1519.5,0.1244956174,-1,0.64,12
21,6,2024,9,7,8,42.324215333333335,117.20505433333334,1519.3,0.1126633893,-1,0.64,12
21,6,2024,9,7,9,42.324216166666666,117.20505366666667,1519.0,0.0838544861,-1,0.64,12
21,6,2024,9,7,10,42.324216666666665,117.20505183333333,1518.7,0.133755622,-1,0.64,12
21,6,2024,9,7,11,42.3242175,117.20504666666666,1518.4,0.5144447,359.02,0.64,12
21,6,2024,9,7,12,42.324219166666666,117.2050365,1518.1,0.9851616005,301.04,0.64,12
21,6,2024,9,7,13,42.32422066666667,117.20502433333333,1518.0,1.0016238309,289.02,0.64,12
21,6,2024,9,7,14,42.32422116666667,117.20501333333333,1517.8,0.8560359807999999,282.73,0.64,12
21,6,2024,9,7,15,42.324220833333335,117.20500733333333,1517.7,0.31535460109999996,280.47,0.64,12
21,6,2024,9,7,16,42.32422116666667,117.20500516666667,1517.5,0.1888012049,-1,0.64,12
21,6,2024,9,7,17,42.32422733333333,117.20500733333333,1517.2,1.0191149507,7.96,0.64,12
21,6,2024,9,7,18,42.324239166666665,117.20501383333334,1517.0,1.6559974892999998,19.13,0.64,12
21,6,2024,9,7,19,42.32425216666667,117.20502266666666,1517.0,1.6091830216,23.58,0.64,12
21,6,2024,9,7,20,42.32425666666666,117.20502883333333,1516.9,0.4547691148,28.08,0.64,12
21,6,2024,9,7,21,42.324247,117.20502583333334,1516.9,1.6734886091,179.17,0.64,12
21,6,2024,9,7,22,42.32421883333333,117.20501066666667,1516.6,4.0245008881,201.1,0.64,12
21,6,2024,9,7,23,42.32418333333333,117.2049865,1516.5,4.599135617999999,206.9,0.65,12
21,6,2024,9,7,24,42.3241525,117.20495966666667,1516.4,3.8639941417,213.11,0.64,12
21,6,2024,9,7,25,42.32413,117.20493483333334,1516.3,2.9302770112,219.84,0.64,12
21,6,2024,9,7,26,42.32411366666667,117.20491466666667,1516.2,2.2002799819,222.78,0.64,12
21,6,2024,9,7,27,42.324101666666664,117.20489883333333,1516.2,1.7547708717,223.25,0.64,12
21,6,2024,9,7,28,42.324091,117.20488616666667,1516.1,1.4913751853,221.77,0.64,12
21,6,2024,9,7,29,42.32408066666667,117.204876,1516.0,1.358134008,219.08,0.64,12
21,6,2024,9,7,30,42.324071333333336,117.2048675,1515.8,1.1662461349,217.69,0.64,12
21,6,2024,9,7,31,42.32406066666667,117.204859,1515.7,1.4769707337,213.6,0.64,12
21,6,2024,9,7,32,42.32404316666667,117.20484616666667,1515.6,2.5151201383,209.89,0.64,12
21,6,2024,9,7,33,42.32402183333333,117.20483016666667,1515.4,2.7317013569999995,210.72,0.64,12
21,6,2024,9,7,34,42.324004333333335,117.20481383333333,1515.5,2.2352622214999998,214.83,0.64,12
21,6,2024,9,7,35,42.32399,117.20479916666666,1515.6,1.9152776180999997,216.62,0.64,12
21,6,2024,9,7,36,42.323978333333336,117.20478683333333,1515.6,1.5443629893999997,217.48,0.64,12
21,6,2024,9,7,37,42.3239685,117.20477683333333,1515.6,1.3190362108,217.57,0.64,12
21,6,2024,9,7,38,42.32395833333333,117.20476733333334,1515.6,1.4229540402,215.51,0.64,12
21,6,2024,9,7,39,42.32394466666667,117.2047565,1515.5,1.9039598347,211.79,0.64,12
21,6,2024,9,7,40,42.323928,117.2047445,1515.4,2.1411188414,210.08,0.64,12
21,6,2024,9,7,41,42.3239135,117.20473266666667,1515.3,1.7573430952,212.23,0.64,12
21,6,2024,9,7,42,42.3239075,117.20472483333333,1515.3,0.5772069534000001,215.23,0.64,12
21,6,2024,9,7,43,42.32390683333333,117.2047225,1515.3,0.0426989101,-1,0.64,12
21,6,2024,9,7,44,42.323905833333335,117.2047305,1515.3,1.0108838355,123.75,0.64,12
21,6,2024,9,7,45,42.32390266666667,117.20474716666666,1515.4,1.6220441391,109.34,0.64,12
21,6,2024,9,7,46,42.32389766666667,117.20476766666667,1515.3,1.7974697818,109.16,0.66,12
21,6,2024,9,7,47,42.323891333333336,117.20478883333334,1515.4,1.8957287194999999,111.52,0.64,12
21,6,2024,9,7,48,42.32388433333333,117.2048085,1515.3,1.7655742103999998,114.94,0.64,12
21,6,2024,9,7,49,42.323877333333336,117.20482566666666,1515.3,1.5181263097,117.79,0.64,12
21,6,2024,9,7,50,42.3238725,117.20483333333334,1515.1,0.5746347299,119.96,0.64,12
21,6,2024,9,7,51,42.323868833333336,117.20483733333333,1515.0,0.5108435871,125.41,0.64,12
21,6,2024,9,7,52,42.3238675,117.20483916666667,1515.4,0.15433340999999998,-1,0.64,12
21,6,2024,9,7,53,42.323867,117.20483933333334,1516.4,0.1095767211,-1,0.64,12
21,6,2024,9,7,54,42.323867166666666,117.2048405,1517.7,0.15176118649999998,-1,0.66,12
21,6,2024,9,7,55,42.3238675,117.204842,1519.0,0.10391782940000001,-1,0.66,12
21,6,2024,9,7,56,42.323868,117.20484233333333,1519.5,0.0956867142,-1,0.64,12
21,6,2024,9,7,57,42.32386983333333,117.20484283333333,1520.5,0.2227545551,-1,0.66,12
21,6,2024,9,7,58,42.32387033333333,117.20484166666667,1521.7,0.1023744953,-1,0.64,12
21,6,2024,9,7,59,42.32387,117.20484166666667,1521.9,0.0488722465,-1,0.64,12
21,6,2024,9,8,0,42.32387,117.20484116666667,1522.2,0.054531138199999996,-1,0.64,12
21,6,2024,9,8,1,42.32386983333333,117.2048405,1522.0,0.052987804099999994,-1,0.63,12
21,6,2024,9,8,2,42.32386983333333,117.20484033333334,1521.9,0.0324100161,-1,0.64,12
21,6,2024,9,8,3,42.32387,117.2048395,1521.9,0.051958914700000004,-1,0.64,12
21,6,2024,9,8,4,42.32386983333333,117.20483966666667,1521.8,0.04527113359999999,-1,0.64,12
21,6,2024,9,8,5,42.323869333333334,117.20483933333334,1521.9,0.1126633893,-1,0.67,12
21,6,2024,9,8,6,42.323869333333334,117.20483916666667,1521.9,0.09671560359999999,-1,0.63,12
21,6,2024,9,8,7,42.3238695,117.20483966666667,1522.0,0.1311833985,-1,0.63,12
21,6,2024,9,8,8,42.32386983333333,117.20484116666667,1521.9,0.1682234169,-1,0.63,12
21,6,2024,9,8,9,42.32387,117.2048415,1521.9,0.0087455599,-1,0.63,12
21,6,2024,9,8,10,42.323869333333334,117.20484083333334,1521.8,0.1111200552,-1,0.64,12
21,6,2024,9,8,11,42.32386833333333,117.20483983333334,1521.7,0.2011478777,-1,0.64,12
21,6,2024,9,8,12,42.323868,117.204838,1521.6,0.1553622994,-1,0.64,12
21,6,2024,9,8,13,42.32386833333333,117.2048375,1521.5,0.1296400644,-1,0.64,12
21,6,2024,9,8,14,42.32386783333333,117.204837,1521.3,0.1378711796,-1,0.68,12
21,6,2024,9,8,15,42.323868,117.20483633333333,1521.3,0.0946578248,-1,0.68,12
21,6,2024,9,8,16,42.323873166666665,117.204837,1521.3,0.7485170385,56.33,0.68,12
21,6,2024,9,8,17,42.323884166666666,117.20484,1521.3,1.3792262407,21.76,0.63,12
21,6,2024,9,8,18,42.3238985,117.20484516666667,1521.3,1.7835797749,18.41,0.65,12
21,6,2024,9,8,19,42.323914,117.20484966666666,1521.3,1.7460253118,13.37,0.61,12
21,6,2024,9,8,20,42.32392566666667,117.2048505,1521.2,1.0438082963,9.56,0.61,12
21,6,2024,9,8,21,42.32393016666666,117.20484883333333,1521.0,0.3467357278,5.12,0.61,12
21,6,2024,9,8,22,42.323931,117.20485133333334,1520.9,0.3369612785,44.34,0.65,12
21,6,2024,9,8,23,42.32392866666667,117.2048635,1520.8,1.3421862222999998,106.29,0.61,12
21,6,2024,9,8,24,42.323925833333334,117.20487633333333,1520.9,0.9434915798,106.46,0.61,12
21,6,2024,9,8,25,42.32392433333333,117.20488383333333,1520.9,0.5468547160999999,108.08,0.61,12
21,6,2024,9,8,26,42.3239235,117.20488666666667,1520.9,0.13324117729999999,-1,0.65,12
21,6,2024,9,8,27,42.32392316666667,117.20488733333333,1520.8,0.0643055875,-1,0.61,12
21,6,2024,9,8,28,42.32392566666667,117.20488916666666,1521.0,0.41927243049999996,81.59,0.61,12
21,6,2024,9,8,29,42.323936833333335,117.204894,1521.1,1.6292463648999997,22.89,0.62,12
21,6,2024,9,8,30,42.32395283333334,117.204901,1521.2,1.9379131849,20.59,0.65,12
21,6,2024,9,8,31,42.323968666666666,117.204908,1521.2,1.754256427,19.67,0.61,12
21,6,2024,9,8,32,42.3239835,117.20491383333334,1521.3,1.6096974662999999,18.33,0.59,12
21,6,2024,9,8,33,42.3239965,117.20491916666667,1521.4,1.4136940356,17.37,0.61,12
21,6,2024,9,8,34,42.324010333333334,117.20492433333334,1521.4,1.5870618994999999,17.12,0.61,12
21,6,2024,9,8,35,42.324025166666665,117.20493133333333,1521.4,1.7707186574,18.67,0.61,12
21,6,2024,9,8,36,42.3240415,117.20493933333333,1521.4,1.9610631963999998,18.62,0.59,12
21,6,2024,9,8,37,42.32405883333333,117.20494733333334,1521.4,2.0310276756,18.96,0.59,12
21,6,2024,9,8,38,42.324076833333336,117.20495616666666,1521.4,2.1097377147,19.88,0.59,12
21,6,2024,9,8,39,42.324095,117.20496633333333,1521.4,2.1755866363,20.62,0.59,12
21,6,2024,9,8,40,42.32411366666667,117.2049755,1521.4,2.1905055326,20.58,0.59,12
21,6,2024,9,8,41,42.324132,117.20498333333333,1521.4,2.0624088023000002,19.57,0.61,12
21,6,2024,9,8,42,42.32414816666667,117.2049905,1521.5,1.8442842494999998,18.84,0.59,12
21,6,2024,9,8,43,42.32416283333333,117.20499683333334,1521.6,1.6410785929999998,18.21,0.59,12
21,6,2024,9,8,44,42.324175,117.205002,1521.8,1.3463017798999999,15.92,0.59,12
21,6,2024,9,8,45,42.32418833333333,117.20500733333333,1522.0,1.64622304,16.77,0.59,12
21,6,2024,9,8,46,42.324198333333335,117.20501183333333,1522.1,0.8730126559,15.46,0.59,12
21,6,2024,9,8,47,42.32420166666667,117.205014,1522.2,0.2021767671,-1,0.59,12
21,6,2024,9,8,48,42.3242,117.20502366666666,1522.1,1.2027717086,81.97,0.59,12
21,6,2024,9,8,49,42.324194166666665,117.20504066666666,1522.2,1.7830653302,107.41,0.59,12
21,6,2024,9,8,50,42.32419016666667,117.20505166666666,1522.2,0.7284536951999999,108.73,0.59,12
21,6,2024,9,8,51,42.32418833333333,117.20505766666666,1522.2,0.4707169005,112.99,0.58,12
21,6,2024,9,8,52,42.3241885,117.20506316666666,1522.3,0.4449946655,102.76,0.58,12
21,6,2024,9,8,53,42.32419933333333,117.20507416666666,1522.3,1.9667220880999998,37.5,0.58,12
21,6,2024,9,8,54,42.32421633333333,117.20508816666667,1522.4,2.3345500486,32.98,0.6,12
21,6,2024,9,8,55,42.324236,117.20510033333333,1522.4,2.4112023089,27.23,0.58,12
21,6,2024,9,8,56,42.324256166666665,117.205111,1522.4,2.3813645162999997,24.17,0.58,12
21,6,2024,9,8,57,42.324275166666666,117.20512116666667,1522.5,2.2110833206,23.04,0.58,12
21,6,2024,9,8,58,42.3242925,117.20512883333333,1522.6,1.9507743023999997,21.16,0.58,12
21,6,2024,9,8,59,42.32430883333333,117.20513466666667,1522.5,1.8396542472,18.9,0.61,12
21,6,2024,9,9,0,42.32432333333333,117.20514066666667,1522.4,1.5994085723,18.52,0.61,12
21,6,2024,9,9,1,42.3243305,117.20514166666666,1522.4,0.4820346839,14.74,0.58,12
21,6,2024,9,9,2,42.32433133333333,117.20514,1523.3,0.15793452289999999,-1,0.58,12
21,6,2024,9,9,3,42.32432983333333,117.2051395,1524.6,0.1975467648,-1,0.58,12
21,6,2024,9,9,4,42.324328666666666,117.20513966666667,1525.9,0.1533045206,-1,0.61,12
21,6,2024,9,9,5,42.324328,117.20514016666667,1527.2,0.07408003679999998,-1,0.61,12
21,6,2024,9,9,6,42.32432883333333,117.20514033333333,1528.3,0.10546116349999998,-1,0.61,12
21,6,2024,9,9,7,42.32432933333333,117.20514033333333,1529.4,0.06379114279999999,-1,0.61,12
21,6,2024,9,9,8,42.32433016666667,117.20514033333333,1530.1,0.066877811,-1,0.69,12
21,6,2024,9,9,9,42.3243315,117.20514016666667,1530.2,0.0571033617,-1,0.61,12
21,6,2024,9,9,10,42.32433133333333,117.205142,1530.5,0.1692523063,-1,0.59,12
21,6,2024,9,9,11,42.324326666666664,117.20515566666667,1530.7,1.7300775260999999,110.52,0.59,12
21,6,2024,9,9,12,42.32431783333333,117.20518033333333,1530.7,2.5197501406,114.93,0.61,12
21,6,2024,9,9,13,42.32430683333333,117.20521033333333,1530.8,2.8639136448999998,115.4,0.61,12
21,6,2024,9,9,14,42.324296,117.20524233333333,1530.8,2.8988958845,114.41,0.59,12
21,6,2024,9,9,15,42.32428483333333,117.2052755,1530.7,3.0691770802,113.78,0.61,12
21,6,2024,9,9,16,42.32427416666667,117.2053095,1530.7,3.055801518,112.32,0.59,12
21,6,2024,9,9,17,42.3242635,117.20534366666666,1530.8,3.0774081954,112.55,0.59,12
21,6,2024,9,9,18,42.32425333333333,117.205377,1531.0,2.9935537093,112.29,0.59,12
21,6,2024,9,9,19,42.3242435,117.20540983333333,1531.0,2.9153581148999996,111.23,0.59,12
21,6,2024,9,9,20,42.324234833333335,117.205441,1531.0,2.7239846864999997,110.53,0.61,12
21,6,2024,9,9,21,42.324228,117.20546716666666,1531.1,2.0577788,109.31,0.61,12
21,6,2024,9,9,22,42.324226,117.20547916666666,1531.1,0.5406813797,108.06,0.58,12
21,6,2024,9,9,23,42.32422833333333,117.20548116666667,1530.9,0.24076011960000002,83.41,0.58,12
21,6,2024,9,9,24,42.324229333333335,117.20548,1530.8,0.19651787539999999,-1,0.6,12
21,6,2024,9,9,25,42.324229333333335,117.2054785,1530.8,0.1774834215,-1,0.58,12
21,6,2024,9,9,26,42.32423033333333,117.20547633333334,1530.8,0.21452343989999997,24.12,0.58,12
21,6,2024,9,9,27,42.32423816666667,117.20547133333334,1530.6,1.1991705956999998,340.23,0.58,12
21,6,2024,9,9,28,42.32425083333333,117.20546466666667,1530.4,1.6040385745999999,339.4,0.6,12
21,6,2024,9,9,29,42.32426533333334,117.205457,1530.5,1.7912964454,338.05,0.58,12
21,6,2024,9,9,30,42.324280333333334,117.205448,1530.5,1.8154753463,336.6,0.58,12
21,6,2024,9,9,31,42.32429583333333,117.20543916666666,1530.4,1.8453131389,336.97,0.58,12
21,6,2024,9,9,32,42.32431233333333,117.20543116666667,1530.4,1.9759820927,340.05,0.58,12
21,6,2024,9,9,33,42.3243315,117.20542416666666,1530.4,2.2918511384999998,344.81,0.6,12
21,6,2024,9,9,34,42.324353333333335,117.2054175,1530.4,2.5454723756,347.05,0.6,12
21,6,2024,9,9,35,42.324376666666666,117.20541083333333,1530.4,2.6679102142,348.3,0.58,12
21,6,2024,9,9,36,42.3244005,117.2054035,1530.3,2.6689391035999996,347.72,0.58,12
21,6,2024,9,9,37,42.3244245,117.20539583333333,1530.2,2.7363313593,347.48,0.58,12
21,6,2024,9,9,38,42.3244495,117.20538783333333,1530.2,2.8613414214,347.09,0.58,12
21,6,2024,9,9,39,42.324474333333335,117.2053795,1530.2,2.8073247278999998,346.0,0.58,12
21,6,2024,9,9,40,42.324496833333335,117.20537083333333,1530.1,2.5007156866999996,344.39,0.58,12
21,6,2024,9,9,41,42.324508,117.20536366666667,1530.0,0.936289354,341.89,0.63,12
21,6,2024,9,9,42,42.32451533333333,117.205358,1530.1,0.9404049116,335.19,0.63,12
21,6,2024,9,9,43,42.324529,117.205353,1530.1,1.8874976043,346.05,0.58,12
21,6,2024,9,9,44,42.3245495,117.205347,1530.1,2.5115190253999997,347.86,0.6,12
21,6,2024,9,9,45,42.3245735,117.205339,1530.0,2.8361336310999996,346.72,0.58,12
21,6,2024,9,9,46,42.32459816666667,117.20533,1529.9,2.8788325412,345.55,0.6,12
21,6,2024,9,9,47,42.3246135,117.20532116666666,1529.8,1.4425029388,340.44,0.58,12
21,6,2024,9,9,48,42.324617333333336,117.20529883333333,1529.8,2.3669600646999998,287.63,0.6,12
21,6,2024,9,9,49,42.32461383333333,117.205257,1529.8,3.9607097452999995,264.54,0.6,12
21,6,2024,9,9,50,42.32460583333334,117.20520716666667,1529.9,4.3558032749,257.03,0.58,12
21,6,2024,9,9,51,42.32459583333333,117.2051685,1530.0,3.0583737415,248.47,0.58,12
21,6,2024,9,9,52,42.32458666666667,117.20515483333334,1530.0,1.0813627594,240.72,0.6,12
21,6,2024,9,9,53,42.32457683333333,117.2051525,1530.0,1.2094594897,204.32,0.58,12
21,6,2024,9,9,54,42.324561833333334,117.205154,1529.9,1.8689775950999998,182.49,0.58,12
21,6,2024,9,9,55,42.3245445,117.20515833333333,1530.0,1.9687798668999998,173.24,0.58,12
21,6,2024,9,9,56,42.32452716666667,117.2051645,1530.0,1.9662076434,167.65,0.58,12
21,6,2024,9,9,57,42.324511,117.20517083333333,1530.0,1.7969553370999998,164.34,0.58,12
21,6,2024,9,9,58,42.32449883333334,117.20517733333334,1529.9,1.3535040056999998,160.03,0.58,12
21,6,2024,9,9,59,42.324494666666666,117.20518316666667,1529.9,0.4779191263,154.28,0.58,12
21,6,2024,9,10,0,42.324495166666665,117.20518583333333,1529.7,0.21092232699999997,-1,0.58,12
21,6,2024,9,10,1,42.324496,117.20518566666667,1529.6,0.0627622534,-1,0.58,12
21,6,2024,9,10,2,42.32449616666667,117.2051855,1529.5,0.005144447,-1,0.63,12
21,6,2024,9,10,3,42.32449316666667,117.205186,1529.4,0.4388213291,162.21,0.63,12
21,6,2024,9,10,4,42.324475666666665,117.2051885,1529.3,2.5706801659,172.54,0.58,12
21,6,2024,9,10,5,42.32444316666667,117.20519433333334,1529.2,4.089835365,172.18,0.58,12
21,6,2024,9,10,6,42.324406,117.20520266666666,1529.2,4.2112443142,169.71,0.6,12
21,6,2024,9,10,7,42.32437483333333,117.20521116666667,1529.2,3.2353427182999996,167.53,0.58,12
21,6,2024,9,10,8,42.324350833333334,117.20522083333333,1529.4,2.5912579539,163.14,0.58,12
21,6,2024,9,10,9,42.3243285,117.20523116666666,1529.1,2.5583334930999997,160.6,0.58,12
21,6,2024,9,10,10,42.32430866666667,117.20524066666667,1529.1,2.2110833206,160.63,0.58,12
21,6,2024,9,10,11,42.32429,117.2052495,1529.0,2.1580955165,161.01,0.58,12
21,6,2024,9,10,12,42.324272,117.20525733333334,1529.1,2.0747554751,162.28,0.58,12
21,6,2024,9,10,13,42.324254,117.20526483333333,1529.2,2.0876165926,163.04,0.58,12
21,6,2024,9,10,14,42.32423433333334,117.20527216666666,1529.4,2.3690178435,165.41,0.58,12
21,6,2024,9,10,15,42.32421183333334,117.205279,1529.3,2.6293268616999996,167.37,0.58,12
21,6,2024,9,10,16,42.324188666666664,117.20528533333334,1529.4,2.6277835275999997,168.76,0.58,12
21,6,2024,9,10,17,42.324165666666666,117.20529216666667,1529.4,2.6293268616999996,167.48,0.58,12
21,6,2024,9,10,18,42.32414333333333,117.20529816666667,1529.3,2.4914556821,168.59,0.58,12
21,6,2024,9,10,19,42.32412166666667,117.20530383333333,1529.3,2.4821956775,169.67,0.58,12
21,6,2024,9,10,20,42.3241,117.2053075,1529.4,2.4513289955,173.25,0.58,12
21,6,2024,9,10,21,42.3240785,117.205309,1529.4,2.4184045346999996,176.45,0.58,12
21,6,2024,9,10,22,42.3240575,117.20531066666666,1529.5,2.3633589518,176.43,0.58,12
21,6,2024,9,10,23,42.3240465,117.2053115,1529.4,0.7696092712,175.83,0.58,12
21,6,2024,9,10,24,42.32404416666667,117.20531533333333,1529.4,0.37605907569999997,163.01,0.58,12
21,6,2024,9,10,25,42.324045,117.2053185,1529.3,0.21709566339999997,-1,0.58,12
21,6,2024,9,10,26,42.324046833333334,117.20531866666667,1529.3,0.18520009199999998,-1,0.58,12
21,6,2024,9,10,27,42.3240475,117.20531683333333,1529.3,0.2628812417,185.05,0.58,12
21,6,2024,9,10,28,42.32403466666667,117.20531116666666,1529.2,1.9991321041999999,194.54,0.58,12
21,6,2024,9,10,29,42.324013,117.20530366666667,1529.1,2.5794257258,193.56,0.61,12
21,6,2024,9,10,30,42.324004,117.20530166666667,1529.0,0.3225568269,193.49,0.58,12
21,6,2024,9,10,31,42.324013666666666,117.20530683333334,1528.9,1.8838964913999998,26.48,0.63,12
21,6,2024,9,10,32,42.32404,117.20531733333333,1528.9,3.5398939807,17.73,0.63,12
21,6,2024,9,10,33,42.32407533333333,117.205329,1528.9,4.208157646,13.17,0.58,12
21,6,2024,9,10,34,42.324115166666665,117.2053385,1528.9,4.5790722747,9.44,0.58,12
21,6,2024,9,10,35,42.324157,117.20534633333334,1528.8,4.7303190165,7.51,0.58,12
21,6,2024,9,10,36,42.32419933333333,117.20535516666666,1528.8,4.7529545833,8.96,0.58,12
21,6,2024,9,10,37,42.324226833333334,117.20535866666667,1528.8,2.4040000831,4.39,0.58,12
21,6,2024,9,10,38,42.32423766666667,117.2053575,1528.9,0.7737248287999999,1.16,0.58,12
21,6,2024,9,10,39,42.32424266666666,117.20535466666666,1528.9,0.5777213981,352.65,0.58,12
21,6,2024,9,10,40,42.32424666666667,117.20535316666667,1528.9,0.3894346379,346.07,0.58,12
21,6,2024,9,10,41,42.324249,117.20535216666667,1528.8,0.1399289584,-1,0.58,12
21,6,2024,9,10,42,42.32425283333333,117.20535533333333,1528.8,0.648200322,20.24,0.6,12
21,6,2024,9,10,43,42.32426516666666,117.205371,1528.9,2.4250923158,41.56,0.6,12
21,6,2024,9,10,44,42.324285833333334,117.20539833333333,1528.9,3.5404084254,43.59,0.6,12
21,6,2024,9,10,45,42.32431116666667,117.20543016666667,1529.0,3.9869464249999997,42.69,0.58,12
21,6,2024,9,10,46,42.324339,117.20546283333333,1529.0,4.1232742705000005,40.16,0.58,12
21,6,2024,9,10,47,42.32436783333333,117.20549366666667,1529.0,4.0682286876000004,37.69,0.59,12
21,6,2024,9,10,48,42.3243965,117.20552266666667,1529.0,3.9745997521999996,35.98,0.59,12
21,6,2024,9,10,49,42.32442616666667,117.20555033333333,1528.9,4.028102001,33.9,0.59,12
21,6,2024,9,10,50,42.32445633333333,117.205578,1528.9,4.0970375908,34.2,0.59,12
21,6,2024,9,10,51,42.32448633333333,117.20560733333333,1528.9,4.1335631645,35.82,0.59,12
21,6,2024,9,10,52,42.3245155,117.205636,1529.0,3.9828308673999997,35.84,0.6,12
21,6,2024,9,10,53,42.32454333333333,117.205663,1529.0,3.7770529874,35.53,0.6,12
21,6,2024,9,10,54,42.32457016666667,117.2056885,1529.0,3.6124306834,35.2,0.6,12
21,6,2024,9,10,55,42.32459583333333,117.2057125,1529.0,3.4472939347,34.83,0.6,12
21,6,2024,9,10,56,42.3246205,117.2057365,1529.0,3.3912194623999996,35.37,0.6,12
21,6,2024,9,10,57,42.324643,117.2057595,1529.0,3.0393392876000003,37.59,0.62,12
21,6,2024,9,10,58,42.32465283333333,117.20576783333334,1529.0,0.5828658451,36.72,0.6,12
21,6,2024,9,10,59,42.324655666666665,117.20576766666667,1528.9,0.24744790069999997,23.56,0.59,12
21,6,2024,9,11,0,42.324655,117.20576683333333,1529.0,0.19034453899999998,-1,0.59,12
21,6,2024,9,11,1,42.324653166666664,117.205768,1529.1,0.2042345459,81.84,0.59,12
21,6,2024,9,11,2,42.3246525,117.2057685,1529.1,0.019034453899999998,-1,0.6,12
21,6,2024,9,11,3,42.324655,117.20577083333333,1529.2,0.5355369326999999,50.37,0.6,12
21,6,2024,9,11,4,42.3246705,117.20578633333334,1529.2,2.8453936357,37.09,0.59,12
21,6,2024,9,11,5,42.324697,117.2058095,1529.0,3.7662496486999997,33.01,0.59,12
21,6,2024,9,11,6,42.324711,117.20581766666666,1529.0,0.8951337779999999,30.6,0.59,12
21,6,2024,9,11,7,42.3247155,117.205818,1529.1,0.39200686139999996,24.72,0.59,12
21,6,2024,9,11,8,42.32472033333333,117.205811,1529.1,1.0324905129,314.9,0.59,12
21,6,2024,9,11,9,42.32472766666667,117.20579333333333,1529.0,1.8967576088999998,300.56,0.61,12
21,6,2024,9,11,10,42.32473533333334,117.2057725,1529.0,1.8900698277999999,298.81,0.58,12
21,6,2024,9,11,11,42.324743833333336,117.20575366666667,1528.9,1.8180475697999998,301.93,0.61,12
21,6,2024,9,11,12,42.32475183333333,117.20573683333333,1528.9,1.6261596967,301.95,0.61,12
21,6,2024,9,11,13,42.324759,117.20572083333333,1528.9,1.5767730055,301.81,0.6,12
21,6,2024,9,11,14,42.3247685,117.2056995,1529.0,2.3134578158999997,300.63,0.58,12
21,6,2024,9,11,15,42.32478166666667,117.20566766666667,1529.0,3.2708394025999996,298.79,0.6,12
21,6,2024,9,11,16,42.32479583333333,117.205632,1529.0,3.3413183264999997,298.55,0.58,12
21,6,2024,9,11,17,42.324810666666664,117.20560033333334,1529.2,3.0218481677999995,302.76,0.58,12
21,6,2024,9,11,18,42.32482383333333,117.205572,1529.3,2.6226390806,302.19,0.6,12
21,6,2024,9,11,19,42.324836,117.20554883333334,1529.3,2.2306322192,305.17,0.61,12
21,6,2024,9,11,20,42.324846666666666,117.20552966666666,1529.4,1.9631209751999998,306.76,0.6,12
21,6,2024,9,11,21,42.32485716666667,117.20551083333334,1529.5,1.9605487517,306.38,0.58,12
21,6,2024,9,11,22,42.32486333333333,117.205498,1529.7,0.9434915798,305.61,0.6,12
21,6,2024,9,11,23,42.3248645,117.20549366666667,1529.9,0.2268701127,303.97,0.58,12
21,6,2024,9,11,24,42.324863666666666,117.205494,1530.2,0.015947785699999998,-1,0.58,12
21,6,2024,9,11,25,42.3248635,117.2054945,1530.0,0.09208560129999999,-1,0.59,12
21,6,2024,9,11,26,42.3248665,117.2055015,1529.9,0.8802148817,44.49,0.6,12
21,6,2024,9,11,27,42.32488033333333,117.20552116666667,1529.9,2.8361336310999996,44.92,0.6,12
21,6,2024,9,11,28,42.32490083333333,117.20554933333334,1529.8,3.4323750383999996,45.29,0.6,12
21,6,2024,9,11,29,42.324915,117.20556983333333,1529.7,1.826278685,46.1,0.62,12
21,6,2024,9,11,30,42.324920166666665,117.20557883333333,1529.7,0.5087858083,45.45,0.6,12
21,6,2024,9,11,31,42.324928666666665,117.20558433333333,1529.6,1.229522833,25.17,0.64,12
21,6,2024,9,11,32,42.3249595,117.2055945,1529.5,4.383068843999999,13.05,0.58,12
21,6,2024,9,11,33,42.3250055,117.20560433333333,1529.4,5.458258267,8.38,0.59,12
21,6,2024,9,11,34,42.325057,117.20561133333334,1529.3,5.8147684441,5.5,0.59,12
21,6,2024,9,11,35,42.325093833333334,117.205616,1529.2,3.3618961145,5.47,0.59,12
21,6,2024,9,11,36,42.325108166666666,117.205616,1529.2,0.8390593057,3.8,0.59,12
21,6,2024,9,11,37,42.32512583333333,117.2056195,1528.9,2.5372412604,9.52,0.59,12
21,6,2024,9,11,38,42.325171166666664,117.20563316666667,1528.8,6.2823986764,12.99,0.6,12
21,6,2024,9,11,39,42.32523316666666,117.20565033333334,1528.6,7.3761081085999995,12.04,0.58,12
21,6,2024,9,11,40,42.325292166666664,117.2056685,1528.6,6.531904355899999,12.47,0.6,12
21,6,2024,9,11,41,42.32532883333333,117.20568116666666,1528.6,3.2435738334999997,14.29,0.6,12
21,6,2024,9,11,42,42.3253425,117.20568516666667,1528.5,0.9424626904,13.41,0.58,12
21,6,2024,9,11,43,42.325349333333335,117.205686,1528.4,0.7011881260999999,12.44,0.61,12
21,6,2024,9,11,44,42.325373,117.20569383333333,1528.3,3.5620151028,14.82,0.65,12
21,6,2024,9,11,45,42.325414,117.20570733333334,1528.1,5.1706836797,14.36,0.63,12
21,6,2024,9,11,46,42.325453833333334,117.205722,1528.3,4.2992143578999995,14.14,0.59,12
21,6,2024,9,11,47,42.325481333333336,117.20573116666667,1528.4,2.7136957925000003,13.35,0.59,12
21,6,2024,9,11,48,42.32549233333334,117.20573483333334,1528.6,0.6590036606999999,12.53,0.58,12
21,6,2024,9,11,49,42.3254945,117.20573633333333,1528.7,0.12501006209999999,-1,0.58,12
21,6,2024,9,11,50,42.32549516666667,117.205736,1528.3,0.0576178064,-1,0.59,12
21,6,2024,9,11,51,42.3254955,117.20573583333334,1528.2,0.06945003450000001,-1,0.58,12
21,6,2024,9,11,52,42.32549566666667,117.20573416666667,1528.2,0.1970323201,-1,0.66,12
21,6,2024,9,11,53,42.325495833333335,117.20573383333333,1528.2,0.14507340539999997,-1,0.61,12
21,6,2024,9,11,54,42.32549566666667,117.2057335,1528.2,0.056588916999999996,-1,0.61,12
21,6,2024,9,11,55,42.3255035,117.20574266666667,1528.1,1.6333619224999998,38.66,0.6,12
21,6,2024,9,11,56,42.32551983333333,117.20576033333333,1528.1,2.6771702187999997,40.41,0.63,12
21,6,2024,9,11,57,42.32553933333333,117.20578216666667,1528.2,2.9390225710999998,40.51,0.63,12
21,6,2024,9,11,58,42.32556,117.2058045,1528.2,3.0295648383,39.08,0.63,12
21,6,2024,9,11,59,42.325581666666665,117.2058265,1528.2,3.0223626125,37.37,0.6,12
21,6,2024,9,12,0,42.32560316666667,117.205848,1528.2,3.0172181655,36.92,0.61,12
21,6,2024,9,12,1,42.32562383333333,117.2058695,1528.2,2.8839769881999997,37.67,0.62,12
21,6,2024,9,12,2,42.32564333333333,117.20588766666667,1528.2,2.5485590437999996,35.28,0.62,12
21,6,2024,9,12,3,42.325662,117.20590383333334,1528.3,2.3921678550000003,33.59,0.66,12
21,6,2024,9,12,4,42.32567133333333,117.2059115,1528.2,0.8107648472,33.43,0.63,12
21,6,2024,9,12,5,42.3256725,117.20591116666667,1528.2,0.1656511934,-1,0.63,12
21,6,2024,9,12,6,42.32567183333333,117.2059115,1528.1,0.18159897909999997,-1,0.6,12
21,6,2024,9,12,7,42.32567133333333,117.205912,1528.1,0.12243783859999999,-1,0.6,12
21,6,2024,9,12,8,42.32567066666667,117.20591183333333,1528.1,0.200633433,43.33,0.62,12
21,6,2024,9,12,9,42.3256695,117.205912,1528.1,0.144044516,-1,0.63,12
21,6,2024,9,12,10,42.325668666666665,117.20591066666667,1528.1,0.12398117269999999,-1,0.63,12
21,6,2024,9,12,11,42.325669,117.20590933333334,1528.0,0.0596755852,-1,0.58,12
21,6,2024,9,12,12,42.325672,117.205907,1527.9,0.43007576919999996,354.98,0.58,12
21,6,2024,9,12,13,42.325675833333335,117.2059045,1527.8,0.3827468568,342.71,0.58,12
21,6,2024,9,12,14,42.325672,117.20589933333333,1527.9,1.0453516304,225.47,0.56,12
21,6,2024,9,12,15,42.325653333333335,117.205887,1527.9,2.8742025388999997,205.84,0.56,12
21,6,2024,9,12,16,42.325624833333336,117.2058705,1527.9,3.7353829667,203.27,0.56,12
21,6,2024,9,12,17,42.325593,117.205852,1527.9,3.935501955,203.13,0.56,12
21,6,2024,9,12,18,42.32556733333333,117.2058355,1528.0,2.8711158707,204.68,0.61,12
21,6,2024,9,12,19,42.32555683333333,117.20582683333333,1527.9,0.7397714785999999,206.46,0.63,12
21,6,2024,9,12,20,42.325561,117.20582383333333,1528.0,0.8267126329,285.98,0.59,12
21,6,2024,9,12,21,42.32557333333333,117.20582533333334,1527.9,1.6014663511,353.99,0.6,12
21,6,2024,9,12,22,42.325591,117.20583016666667,1527.9,2.1164254957999997,8.08,0.57,12
21,6,2024,9,12,23,42.3256115,117.20583733333333,1527.9,2.4117167536,13.94,0.61,12
21,6,2024,9,12,24,42.32563366666667,117.20584666666667,1527.9,2.5907435091999997,17.61,0.57,12
21,6,2024,9,12,25,42.32565666666667,117.205858,1528.0,2.7399324721999996,19.82,0.58,12
21,6,2024,9,12,26,42.325681,117.205871,1528.1,2.8428214121999997,21.64,0.63,12
21,6,2024,9,12,27,42.32570666666667,117.20588466666666,1528.1,3.1628060155999997,22.05,0.61,12
21,6,2024,9,12,28,42.325733666666665,117.205899,1527.9,3.2559205063,22.37,0.59,12
21,6,2024,9,12,29,42.325760833333334,117.20591416666667,1527.9,3.2528338381,23.01,0.6,12
21,6,2024,9,12,30,42.32578766666666,117.2059295,1527.9,3.1746382437,23.36,0.59,12
21,6,2024,9,12,31,42.325814333333334,117.20594433333333,1527.9,3.1453148958,23.12,0.6,12
21,6,2024,9,12,32,42.32584,117.20595916666667,1527.8,3.0408826217,23.52,0.6,12
21,6,2024,9,12,33,42.325865,117.20597283333333,1527.8,2.9405659052,23.05,0.6,12
21,6,2024,9,12,34,42.3258905,117.20598666666666,1527.6,3.1057026539,22.45,0.59,12
21,6,2024,9,12,35,42.32591983333333,117.2060015,1527.6,3.6108873493,20.96,0.61,12
21,6,2024,9,12,36,42.3259525,117.20601833333333,1527.6,4.0100964365,21.09,0.61,12
21,6,2024,9,12,37,42.32598766666667,117.20603633333333,1527.6,4.2354232151,21.61,0.59,12
21,6,2024,9,12,38,42.326021833333336,117.2060555,1527.5,4.0214142199,23.53,0.58,12
21,6,2024,9,12,39,42.32603616666667,117.206068,1527.4,1.1050272156,28.02,0.55,12
21,6,2024,9,12,40,42.3260385,117.20607416666667,1527.4,0.35445239829999997,33.64,0.55,12
21,6,2024,9,12,41,42.32603783333333,117.2060745,1527.5,0.10649005289999999,-1,0.57,12
21,6,2024,9,12,42,42.326037666666664,117.206072,1527.3,0.2088645482,1.28,0.57,12
21,6,2024,9,12,43,42.32603833333334,117.206069,1527.1,0.24281789839999998,317.34,0.55,12
21,6,2024,9,12,44,42.326039,117.2060675,1527.1,0.0828255967,-1,0.58,12
21,6,2024,9,12,45,42.326038833333335,117.20606833333333,1527.0,0.11317783399999999,-1,0.55,12
21,6,2024,9,12,46,42.326039,117.20606883333333,1526.8,0.060704474599999995,-1,0.58,12
21,6,2024,9,12,47,42.326039333333334,117.20606866666667,1526.8,0.060704474599999995,-1,0.58,12
21,6,2024,9,12,48,42.32603533333333,117.20606816666667,1526.8,0.6934714556,201.45,0.58,12
21,6,2024,9,12,49,42.32602583333333,117.206066,1526.7,1.2691350748999999,191.65,0.58,12
21,6,2024,9,12,50,42.3260195,117.20606533333333,1526.6,0.5345080432999999,188.98,0.58,12
21,6,2024,9,12,51,42.326017,117.2060725,1526.4,0.8874171075,125.46,0.58,12
21,6,2024,9,12,52,42.32601583333334,117.206087,1526.4,1.3318973283,104.17,0.58,12
21,6,2024,9,12,53,42.32601616666667,117.2061075,1526.4,1.8478853624,91.4,0.58,12
21,6,2024,9,12,54,42.326018,117.20613383333334,1526.3,2.3294056015999995,86.05,0.58,12
21,6,2024,9,12,55,42.3260205,117.206163,1526.2,2.4544156637,84.45,0.58,12
21,6,2024,9,12,56,42.32602216666667,117.20619266666667,1526.1,2.4621323341999997,86.14,0.58,12
21,6,2024,9,12,57,42.326023,117.20622216666666,1526.0,2.4343523204,88.49,0.58,12
21,6,2024,9,12,58,42.32602283333333,117.2062505,1525.8,2.3134578158999997,90.39,0.58,12
21,6,2024,9,12,59,42.32602216666667,117.20627666666667,1525.6,2.1344310603,91.89,0.58,12
21,6,2024,9,13,0,42.32602216666667,117.2063035,1525.6,2.2614989012,90.18,0.58,12
21,6,2024,9,13,1,42.3260225,117.20632983333333,1525.6,2.1292866133,89.4,0.58,12
21,6,2024,9,13,2,42.3260235,117.20635466666667,1525.5,2.0238254498,87.35,0.58,12
21,6,2024,9,13,3,42.32602466666667,117.20637866666667,1525.5,1.9826698738,86.95,0.58,12
21,6,2024,9,13,4,42.326024333333336,117.20639133333333,1525.5,0.6934714556,88.21,0.58,12
21,6,2024,9,13,5,42.32602266666667,117.20639183333333,1525.5,0.3071234859,113.23,0.58,12
21,6,2024,9,13,6,42.3260195,117.20638266666667,1525.4,1.0499816327,235.37,0.58,12
21,6,2024,9,13,7,42.32601283333333,117.20635083333333,1525.5,3.364468338,254.14,0.58,12
21,6,2024,9,13,8,42.326005333333335,117.20629866666667,1525.5,4.7663301455000004,259.36,0.59,12
21,6,2024,9,13,9,42.325997666666666,117.20623933333333,1525.5,4.972108025499999,260.17,0.58,12
21,6,2024,9,13,10,42.325997,117.20620933333333,1525.6,1.3972318052000001,266.56,0.58,12
21,6,2024,9,13,11,42.325998166666665,117.206199,1525.7,0.5895536262,268.03,0.58,12
21,6,2024,9,13,12,42.32598816666667,117.20619783333333,1525.8,1.6673152727,185.94,0.58,12
21,6,2024,9,13,13,42.325974,117.20619966666666,1525.9,1.5505363257999998,178.44,0.58,12
21,6,2024,9,13,14,42.32596383333333,117.20620133333334,1525.8,0.9908204921999999,177.14,0.58,12
21,6,2024,9,13,15,42.325944666666665,117.20620483333333,1525.9,2.6473324261999998,173.08,0.58,12
21,6,2024,9,13,16,42.32591766666667,117.2062075,1525.8,3.1998460339999997,175.42,0.58,12
21,6,2024,9,13,17,42.3258955,117.20620833333334,1525.9,2.1544944035999998,177.75,0.58,12
21,6,2024,9,13,18,42.32588783333333,117.20620783333334,1526.0,0.416700207,178.6,0.58,12
21,6,2024,9,13,19,42.32588583333333,117.206207,1526.1,0.21246566109999998,183.1,0.58,12
21,6,2024,9,13,20,42.32588333333333,117.20619016666667,1526.4,1.9502598576999999,257.98,0.58,12
21,6,2024,9,13,21,42.3258785,117.2061465,1526.5,4.315162143599999,260.95,0.58,12
21,6,2024,9,13,22,42.325874,117.2061025,1526.9,3.3881327942,262.34,0.58,12
21,6,2024,9,13,23,42.325875,117.20608533333333,1526.9,0.6060158565999999,264.77,0.55,12
21,6,2024,9,13,24,42.32587516666667,117.20608,1526.8,0.22635566799999998,265.04,0.55,12
21,6,2024,9,13,25,42.325875,117.2060825,1526.7,0.4501391125,147.82,0.6,12
21,6,2024,9,13,26,42.3258745,117.20608816666666,1526.7,0.49541024609999995,110.85,0.55,12
21,6,2024,9,13,27,42.325873666666666,117.20609283333333,1526.3,0.3837757462,103.16,0.55,12
21,6,2024,9,13,28,42.32586933333333,117.2060985,1526.6,0.8488337549999999,139.78,0.55,12
21,6,2024,9,13,29,42.32585066666667,117.20610066666667,1526.8,2.6298413064,173.83,0.55,12
21,6,2024,9,13,30,42.32584033333333,117.20610016666667,1526.8,0.5890391815,174.71,0.58,12
21,6,2024,9,13,31,42.3258385,117.20609666666667,1526.8,0.3662846264,202.04,0.55,12
21,6,2024,9,13,32,42.3258365,117.20608533333333,1526.7,1.1775639183,254.36,0.56,12
21,6,2024,9,13,33,42.32583416666667,117.2060675,1526.8,1.5932352359,258.06,0.59,12
21,6,2024,9,13,34,42.325824833333336,117.20605516666667,1527.0,1.5376752082999998,227.15,0.58,12
21,6,2024,9,13,35,42.325802833333334,117.20604916666667,1527.2,2.9133003361,193.74,0.56,12
21,6,2024,9,13,36,42.325772,117.20604466666667,1527.2,3.6294073584999995,186.98,0.56,12
21,6,2024,9,13,37,42.32573883333333,117.20604016666667,1527.4,3.6813662731999997,186.34,0.55,12
21,6,2024,9,13,38,42.325706333333336,117.206036,1527.5,3.5913384507,186.9,0.59,12
21,6,2024,9,13,39,42.325675833333335,117.20603033333333,1527.5,3.3485205523,189.38,0.59,12
21,6,2024,9,13,40,42.325648,117.20602233333334,1527.4,3.1201071055000003,191.96,0.55,12
21,6,2024,9,13,41,42.325621166666664,117.20601516666666,1527.6,2.994068154,191.66,0.55,12
21,6,2024,9,13,42,42.32559583333333,117.20601,1527.7,2.7661691519,189.24,0.58,12
21,6,2024,9,13,43,42.325577,117.2059985,1527.6,2.1663266317,199.66,0.59,12
21,6,2024,9,13,44,42.325566333333335,117.205971,1527.7,2.8541391955999997,245.93,0.59,12
21,6,2024,9,13,45,42.325555666666666,117.205951,1527.9,1.764545321,236.65,0.6,12
21,6,2024,9,13,46,42.3255355,117.2059395,1527.7,2.7867469399,203.92,0.6,12
21,6,2024,9,13,47,42.32550166666667,117.20592933333333,1527.7,4.3439710468,191.94,0.58,12
21,6,2024,9,13,48,42.325467,117.205906,1527.8,4.37277995,210.67,0.58,12
21,6,2024,9,13,49,42.325444833333336,117.20585666666666,1527.8,5.148562557599999,245.54,0.59,12
21,6,2024,9,13,50,42.325432,117.20581066666666,1527.7,3.5316628655,249.33,0.58,12
21,6,2024,9,13,51,42.32540766666666,117.205785,1527.8,3.6787940496999996,212.4,0.58,12
21,6,2024,9,13,52,42.32536316666667,117.2057705,1527.8,5.7062206124,191.08,0.56,12
21,6,2024,9,13,53,42.325304,117.20575966666667,1527.9,7.0195979315,187.03,0.56,12
21,6,2024,9,13,54,42.32525483333333,117.20573633333333,1527.8,5.370802668,204.46,0.55,12
21,6,2024,9,13,55,42.3252255,117.205702,1527.9,3.9874608697,226.35,0.58,12
21,6,2024,9,13,56,42.32521,117.20566983333333,1528.0,2.8170991772,236.08,0.58,12
21,6,2024,9,13,57,42.325197833333334,117.2056485,1527.9,1.9672365327999999,232.53,0.58,12
21,6,2024,9,13,58,42.32518683333333,117.20562433333333,1527.8,2.4780801199,239.11,0.56,12
21,6,2024,9,13,59,42.325179166666665,117.205597,1527.8,2.3839367398,249.07,0.56,12
21,6,2024,9,14,0,42.32516833333333,117.20557483333333,1527.7,2.1102521594,237.51,0.55,12
21,6,2024,9,14,1,42.325152333333335,117.20555166666666,1527.8,2.7954924998,228.9,0.55,12
21,6,2024,9,14,2,42.32513733333333,117.20551283333333,1527.7,4.0419920079,245.67,0.55,12
21,6,2024,9,14,3,42.325126833333336,117.205462,1527.9,4.5173389107,256.41,0.55,12
21,6,2024,9,14,4,42.3251275,117.20543666666667,1527.9,1.2871406393999998,267.72,0.58,12
21,6,2024,9,14,5,42.32512716666667,117.20543066666667,1528.0,0.385833525,263.93,0.6,12
21,6,2024,9,14,6,42.325104,117.2054305,1528.0,3.5146861904,179.7,0.55,12
21,6,2024,9,14,7,42.325068333333334,117.20543316666667,1528.1,4.1397365009,176.67,0.55,12
21,6,2024,9,14,8,42.3250315,117.20543566666667,1528.2,4.0404486738,177.2,0.58,12
21,6,2024,9,14,9,42.3249975,117.20543716666667,1528.2,3.6360951395999996,178.37,0.55,12
21,6,2024,9,14,10,42.32496916666667,117.20543766666667,1528.3,2.9194736724999997,179.23,0.58,12
21,6,2024,9,14,11,42.32494783333333,117.20543816666667,1528.4,2.1308299474,179.3,0.55,12
21,6,2024,9,14,12,42.324931666666664,117.20543916666666,1528.5,1.6446797059,178.22,0.55,12
21,6,2024,9,14,13,42.324918833333335,117.20544066666666,1528.6,1.3601917868,176.65,0.58,12
21,6,2024,9,14,14,42.324903166666665,117.20544316666667,1528.8,1.8962431642,173.49,0.55,12
21,6,2024,9,14,15,42.32488016666667,117.20544616666666,1529.0,2.8479658591999994,174.67,0.55,12
21,6,2024,9,14,16,42.32485483333333,117.20544733333334,1529.0,2.8736880942,178.26,0.58,12
21,6,2024,9,14,17,42.32482983333333,117.20544766666667,1529.1,2.6884880021999997,180.69,0.58,12
21,6,2024,9,14,18,42.32480533333333,117.20544533333333,1529.3,2.7255280206,183.89,0.55,12
21,6,2024,9,14,19,42.32477766666667,117.20544233333334,1529.5,3.2260827137,183.74,0.58,12
21,6,2024,9,14,20,42.32474233333333,117.20543933333333,1529.7,4.239024328,182.93,0.58,12
21,6,2024,9,14,21,42.32470333333333,117.20543516666666,1529.8,4.353745496099999,184.36,0.55,12
21,6,2024,9,14,22,42.32468216666667,117.20542916666666,1529.8,1.5628829986,188.85,0.58,12
21,6,2024,9,14,23,42.3246775,117.2054235,1529.8,0.4650580088,196.53,0.58,12
21,6,2024,9,14,24,42.32467833333333,117.205421,1529.8,0.1743967533,-1,0.58,12
21,6,2024,9,14,25,42.32468266666667,117.20541683333333,1529.6,0.7269103611,284.78,0.58,12
21,6,2024,9,14,26,42.324686666666665,117.20539016666666,1529.7,2.9235892300999997,277.79,0.58,12
21,6,2024,9,14,27,42.324691,117.20534216666667,1529.8,4.4453166527,276.88,0.59,12
21,6,2024,9,14,28,42.324689166666666,117.20530783333334,1529.7,2.2254877721999997,264.92,0.58,12
21,6,2024,9,14,29,42.3246675,117.20528583333333,1529.4,3.5316628655,216.2,0.6,12
21,6,2024,9,14,30,42.324624666666665,117.205265,1529.2,5.687186158499999,198.64,0.6,12
21,6,2024,9,14,31,42.32456766666667,117.2052435,1529.3,6.909506765699999,195.07,0.6,12
21,6,2024,9,14,32,42.324502833333334,117.20522033333333,1529.4,7.6420760185,194.55,0.57,12
21,6,2024,9,14,33,42.32443466666667,117.20519566666667,1529.5,7.8972405897,195.96,0.57,12
21,6,2024,9,14,34,42.32436716666667,117.20516966666666,1529.5,7.7521671843,195.94,0.55,12
21,6,2024,9,14,35,42.32430166666666,117.2051435,1529.6,7.519123735199999,196.73,0.58,12
21,6,2024,9,14,36,42.3242355,117.20511866666666,1529.8,7.659567138299999,196.16,0.58,12
21,6,2024,9,14,37,42.324168666666665,117.20509433333334,1529.9,7.706896050699999,195.09,0.55,12
21,6,2024,9,14,38,42.3241005,117.20507033333334,1529.9,7.8720327993999994,193.91,0.58,12
21,6,2024,9,14,39,42.324028,117.20504966666667,1530.0,8.38544861,191.03,0.57,12
21,6,2024,9,14,40,42.32395116666667,117.205032,1529.9,8.7862010313,189.0,0.55,12
21,6,2024,9,14,41,42.32386983333333,117.205016,1529.9,9.2543457083,187.79,0.59,12
21,6,2024,9,14,42,42.32378633333333,117.20500116666666,1529.8,9.406106894799999,187.84,0.62,12
21,6,2024,9,14,43,42.32371966666667,117.20498433333333,1529.6,6.7345955677,192.24,0.61,12
21,6,2024,9,14,44,42.32368266666667,117.20496283333334,1529.5,3.6150029069,205.85,0.61,12
21,6,2024,9,14,45,42.32367,117.20492316666666,1529.5,3.8454741324999997,254.91,0.56,12
21,6,2024,9,14,46,42.323669333333335,117.20487483333334,1529.5,4.0419920079,270.63,0.56,12
21,6,2024,9,14,47,42.3236755,117.20483133333333,1529.5,3.4575828287,282.07,0.61,12
21,6,2024,9,14,48,42.323684166666666,117.204818,1529.5,1.0402071834,291.81,0.6,12
21,6,2024,9,14,49,42.323692,117.20481433333333,1529.3,0.8807293263999999,311.44,0.6,12
21,6,2024,9,14,50,42.3237025,117.20478066666666,1529.2,4.0708009111,288.91,0.6,12
21,6,2024,9,14,51,42.32371283333333,117.20472,1529.4,5.6892439373,281.78,0.6,12
21,6,2024,9,14,52,42.323722,117.20468766666667,1529.2,1.7290486367,290.92,0.6,12
21,6,2024,9,14,53,42.323731,117.2046815,1529.2,0.9573815867,304.08,0.6,12
21,6,2024,9,14,54,42.323736833333335,117.20468366666667,1529.2,0.5777213981,324.47,0.64,12
21,6,2024,9,14,55,42.32374016666667,117.2046865,1529.6,0.38686241439999997,348.35,0.63,12
21,6,2024,9,14,56,42.323740666666666,117.2046885,1532.2,0.1533045206,-1,0.62,12
21,6,2024,9,14,57,42.323739,117.20469,1535.3,0.21400899519999997,-1,0.6,12
21,6,2024,9,14,58,42.32373833333333,117.20469116666666,1538.9,0.027265569099999998,-1,0.6,12
21,6,2024,9,14,59,42.323738166666665,117.204691,1542.7,0.0766522603,-1,0.6,12
21,6,2024,9,15,0,42.32373883333333,117.20469033333333,1546.7,0.10391782940000001,-1,0.6,12
21,6,2024,9,15,1,42.32373966666667,117.204692,1550.7,0.2073212141,-1,0.6,12
21,6,2024,9,15,2,42.32374133333333,117.204692,1551.4,0.1754256427,-1,0.6,12
21,6,2024,9,15,3,42.3237335,117.20467633333334,1552.2,2.3016255878,238.61,0.6,12
21,6,2024,9,15,4,42.32372016666667,117.2046505,1552.5,2.8402491886999996,235.92,0.6,12
21,6,2024,9,15,5,42.32371716666667,117.20464183333333,1552.8,0.2525923477,236.59,0.61,12
21,6,2024,9,15,6,42.323718666666664,117.20463933333333,1552.9,0.31021015409999997,286.59,0.6,12
21,6,2024,9,15,7,42.32372,117.20464316666667,1552.7,0.44705244429999996,36.52,0.56,12
21,6,2024,9,15,8,42.32372133333333,117.20464666666666,1552.6,0.282944585,35.35,0.56,12
21,6,2024,9,15,9,42.323725833333334,117.2046485,1552.6,0.6152758612,13.45,0.61,12
21,6,2024,9,15,10,42.323739833333335,117.20463183333334,1552.7,2.6457890921,317.27,0.6,12
21,6,2024,9,15,11,42.323763,117.20459433333333,1552.6,4.6053089544,309.26,0.61,12
21,6,2024,9,15,12,42.323794166666666,117.2045425,1552.3,5.8512940178,308.06,0.6,12
21,6,2024,9,15,13,42.323828666666664,117.204482,1552.2,6.5092687891,306.94,0.6,12
21,6,2024,9,15,14,42.32386283333334,117.20441733333334,1552.1,6.5211010171999995,304.99,0.61,12
21,6,2024,9,15,15,42.3238945,117.204355,1552.0,6.1049152549,304.33,0.61,12
21,6,2024,9,15,16,42.32392433333333,117.20429716666666,1551.9,5.6455161378,305.13,0.61,12
21,6,2024,9,15,17,42.32395266666666,117.2042455,1551.8,5.258653723399999,306.35,0.57,12
21,6,2024,9,15,18,42.323974,117.2042055,1551.7,3.5049117411,305.36,0.59,12
21,6,2024,9,15,19,42.32398366666666,117.204187,1550.7,1.0016238309,304.28,0.58,12
21,6,2024,9,15,20,42.32398633333333,117.204181,1549.4,0.324100161,303.08,0.58,12
21,6,2024,9,15,21,42.32398766666667,117.204179,1547.7,0.1635934146,-1,0.58,12
21,6,2024,9,15,22,42.32398833333333,117.2041785,1545.8,0.022635566799999996,-1,0.59,12
21,6,2024,9,15,23,42.323988166666666,117.204179,1543.7,0.0416700207,-1,0.59,12
21,6,2024,9,15,24,42.323987833333334,117.20417983333333,1541.6,0.0576178064,-1,0.6,12
21,6,2024,9,15,25,42.323987,117.20418083333334,1539.4,0.0972300483,-1,0.59,12
21,6,2024,9,15,26,42.323986166666664,117.204181,1537.2,0.10546116349999998,-1,0.58,12
21,6,2024,9,15,27,42.32398583333333,117.20418083333334,1535.1,0.0216066774,-1,0.63,12
21,6,2024,9,15,28,42.32398583333333,117.20418016666666,1534.2,0.18262786849999998,304.23,0.62,12
21,6,2024,9,15,29,42.323986166666664,117.20417866666666,1533.7,0.1394145137,-1,0.63,12
21,6,2024,9,15,30,42.323986833333336,117.20417783333333,1532.9,0.12295228329999999,-1,0.64,12
21,6,2024,9,15,31,42.323986833333336,117.20417783333333,1532.8,0.0699644792,-1,0.58,12
21,6,2024,9,15,32,42.3239865,117.2041775,1532.7,0.056588916999999996,-1,0.58,12
21,6,2024,9,15,33,42.3239845,117.20418083333334,1532.7,0.4455091102,159.42,0.57,12
21,6,2024,9,15,34,42.323975833333336,117.20419633333333,1532.7,2.0654954704999997,132.22,0.57,12
21,6,2024,9,15,35,42.3239595,117.20422366666666,1532.6,3.261579398,130.16,0.57,12
21,6,2024,9,15,36,42.32393833333333,117.20425933333334,1532.7,3.9216119481,128.93,0.59,12
21,6,2024,9,15,37,42.3239155,117.20429966666667,1532.7,4.2451976644,127.58,0.56,12
21,6,2024,9,15,38,42.323892,117.204344,1532.7,4.4777266688,125.85,0.58,12
21,6,2024,9,15,39,42.323869,117.20438816666666,1532.7,4.4813277817,125.0,0.58,12
21,6,2024,9,15,40,42.3238465,117.20443266666666,1532.6,4.4694955536,124.61,0.58,12
21,6,2024,9,15,41,42.3238245,117.20447733333333,1532.6,4.3671210583,123.39,0.57,12
21,6,2024,9,15,42,42.32380333333333,117.20452133333333,1532.6,4.3012721367,122.85,0.57,12
21,6,2024,9,15,43,42.32378283333333,117.20456366666667,1532.5,4.0738875793,123.64,0.57,12
21,6,2024,9,15,44,42.32376383333333,117.2046035,1532.5,3.8393007961,123.41,0.61,12
21,6,2024,9,15,45,42.323747,117.20463933333333,1532.5,3.3690983403,122.06,0.61,12
21,6,2024,9,15,46,42.32373483333333,117.20466766666667,1532.5,2.3597578389,120.02,0.57,12
21,6,2024,9,15,47,42.323732666666665,117.204679,1532.5,0.4573413383,119.08,0.58,12
21,6,2024,9,15,48,42.323722,117.204671,1532.4,2.0598365787999997,205.87,0.57,12
21,6,2024,9,15,49,42.323692333333334,117.20464233333334,1532.4,4.9278657813,215.27,0.57,12
21,6,2024,9,15,50,42.323647333333334,117.204595,1532.3,6.9990201435,217.9,0.57,12
21,6,2024,9,15,51,42.323592833333336,117.20453866666666,1532.2,7.941482833899999,217.29,0.59,12
21,6,2024,9,15,52,42.32353633333334,117.20448183333333,1532.4,7.8349927809999995,216.14,0.61,12
21,6,2024,9,15,53,42.3234815,117.204431,1532.3,7.226919145599999,213.49,0.61,12
21,6,2024,9,15,54,42.32343766666666,117.204398,1532.8,4.8615024149999995,208.16,0.62,12
21,6,2024,9,15,55,42.32340883333333,117.20438783333333,1533.0,2.6087490737,192.95,0.58,12
21,6,2024,9,15,56,42.323382333333335,117.20440783333333,1533.0,4.0651420194,147.12,0.58,12
21,6,2024,9,15,57,42.3233565,117.20444066666667,1533.0,3.9869464249999997,134.42,0.58,12
21,6,2024,9,15,58,42.323335666666665,117.20447933333334,1533.0,3.9576230770999996,125.07,0.58,12
21,6,2024,9,15,59,42.32331933333333,117.20451966666667,1533.1,3.8475319113,117.81,0.58,12
21,6,2024,9,16,0,42.32331216666667,117.20455183333333,1532.9,2.4292078734,105.58,0.61,12
21,6,2024,9,16,1,42.32331583333333,117.20456633333333,1531.3,1.034033847,96.27,0.61,12
21,6,2024,9,16,2,42.3233235,117.2045695,1530.3,0.9254860153,40.73,0.57,12
21,6,2024,9,16,3,42.323329666666666,117.2045655,1529.1,0.7063325731,11.98,0.57,12
21,6,2024,9,16,4,42.32333416666667,117.20456016666667,1527.6,0.6152758612,350.21,0.57,12
21,6,2024,9,16,5,42.3233365,117.204556,1526.0,0.3714290734,335.77,0.57,12
21,6,2024,9,16,6,42.32333783333333,117.20455366666667,1524.5,0.21092232699999997,-1,0.57,12
21,6,2024,9,16,7,42.3233375,117.20455266666667,1523.1,0.1342700667,-1,0.57,12
21,6,2024,9,16,8,42.32333666666667,117.20455266666667,1522.0,0.08745559900000001,-1,0.57,12
21,6,2024,9,16,9,42.323336833333336,117.20455216666667,1520.7,0.0699644792,-1,0.57,12
21,6,2024,9,16,10,42.3233375,117.20455216666667,1519.3,0.07613781559999999,-1,0.57,12
21,6,2024,9,16,11,42.323336833333336,117.20455233333334,1517.6,0.15227563119999998,-1,0.57,12
21,6,2024,9,16,12,42.323336166666664,117.20455316666667,1516.2,0.08848448839999999,-1,0.57,12
21,6,2024,9,16,13,42.323335666666665,117.20455383333334,1514.6,0.08745559900000001,-1,0.57,12
21,6,2024,9,16,14,42.3233345,117.20455383333334,1513.1,0.14507340539999997,-1,0.56,12
21,6,2024,9,16,15,42.323333833333336,117.20455266666667,1511.8,0.1625645252,-1,0.57,12
21,6,2024,9,16,16,42.32333416666667,117.20455216666667,1510.6,0.0879700437,-1,0.57,12
21,6,2024,9,16,17,42.323335,117.204553,1509.0,0.1553622994,-1,0.56,12
21,6,2024,9,16,18,42.32333583333333,117.2045535,1507.6,0.0843689308,-1,0.56,12
21,6,2024,9,16,19,42.32333666666667,117.204553,1506.2,0.0751089262,-1,0.56,12
21,6,2024,9,16,20,42.32333666666667,117.20455183333333,1505.4,0.1563911888,-1,0.56,12
21,6,2024,9,16,21,42.323336166666664,117.20455033333333,1504.7,0.1409578478,-1,0.56,12
21,6,2024,9,16,22,42.3233355,117.20454983333333,1504.2,0.09362893539999999,-1,0.56,12
21,6,2024,9,16,23,42.323335666666665,117.204551,1503.9,0.1265533962,-1,0.56,12
21,6,2024,9,16,24,42.32333633333333,117.204551,1503.5,0.0946578248,-1,0.56,12
21,6,2024,9,16,25,42.323336166666664,117.20454933333333,1503.1,0.18468564729999998,-1,0.56,12
21,6,2024,9,16,26,42.32333583333333,117.20454816666667,1502.7,0.12192339389999998,-1,0.56,12
21,6,2024,9,16,27,42.323336,117.20454816666667,1502.5,0.022121122099999998,-1,0.56,12
21,6,2024,9,16,28,42.32333666666667,117.2045485,1502.3,0.009260004599999998,-1,0.56,12
21,6,2024,9,16,29,42.32333716666667,117.2045485,1502.2,0.011317783399999998,-1,0.6,12
21,6,2024,9,16,30,42.323337333333335,117.20454866666667,1502.1,0.0252077903,-1,0.56,12
21,6,2024,9,16,31,42.32333766666667,117.20454883333333,1502.0,0.0082311152,-1,0.6,12
21,6,2024,9,16,32,42.323338,117.20454883333333,1502.0,0.0020577788,-1,0.6,12
21,6,2024,9,16,33,42.323338166666666,117.20454916666667,1502.0,0.0036011129,-1,0.6,12
21,6,2024,9,16,34,42.323338666666665,117.20454933333333,1501.9,0.006687781099999999,-1,0.6,12
21,6,2024,9,16,35,42.32333883333333,117.20454916666667,1501.9,0.0252077903,-1,0.6,12
21,6,2024,9,16,36,42.32333916666666,117.20454916666667,1501.8,0.009260004599999998,-1,0.6,12
21,6,2024,9,16,37,42.3233395,117.20454916666667,1501.7,0.0128611175,-1,0.6,12
21,6,2024,9,16,38,42.32334,117.20454933333333,1501.7,0.0041155576,-1,0.6,12
21,6,2024,9,16,39,42.3233405,117.2045495,1501.7,0.005658891699999999,-1,0.6,12
21,6,2024,9,16,40,42.323341,117.2045495,1501.7,0.0082311152,-1,0.6,12
21,6,2024,9,16,41,42.32334133333333,117.2045495,1501.7,0.0118322281,-1,0.6,12
21,6,2024,9,16,42,42.32334183333333,117.2045495,1501.7,0.0169766751,-1,0.6,12
21,6,2024,9,16,43,42.323342,117.2045495,1501.7,0.0169766751,-1,0.6,12
21,6,2024,9,16,44,42.323342333333336,117.20454933333333,1501.7,0.009260004599999998,-1,0.6,12
21,6,2024,9,16,45,42.32334266666667,117.2045495,1501.7,0.022635566799999996,-1,0.6,12
21,6,2024,9,16,46,42.32334266666667,117.20454883333333,1501.6,0.052987804099999994,-1,0.6,12
21,6,2024,9,16,47,42.32334316666667,117.20455,1501.6,0.14867451829999997,-1,0.6,12
21,6,2024,9,16,48,42.3233435,117.20455066666666,1501.7,0.0236644562,-1,0.6,12
21,6,2024,9,16,49,42.3233435,117.20455083333333,1501.7,0.0169766751,-1,0.6,12
21,6,2024,9,16,50,42.323343666666666,117.20455083333333,1501.7,0.0087455599,-1,0.6,12
21,6,2024,9,16,51,42.323344666666664,117.204551,1501.7,0.0195488986,-1,0.57,12
21,6,2024,9,16,52,42.323345333333336,117.204552,1501.8,0.0344677949,-1,0.6,12
21,6,2024,9,16,53,42.32334566666667,117.20455233333334,1501.9,0.052987804099999994,-1,0.56,12
21,6,2024,9,16,54,42.32334566666667,117.20455233333334,1501.9,0.0123466728,-1,0.56,12
21,6,2024,9,16,55,42.323345333333336,117.2045525,1501.8,0.022121122099999998,-1,0.56,12
21,6,2024,9,16,56,42.323345333333336,117.2045525,1501.9,0.038068907799999996,-1,0.56,12
21,6,2024,9,16,57,42.3233455,117.20455216666667,1501.9,0.020063343299999998,-1,0.56,12
21,6,2024,9,16,58,42.32334566666667,117.20455266666667,1502.1,0.05144447,-1,0.56,12
21,6,2024,9,16,59,42.3233455,117.204553,1502.2,0.0288089032,-1,0.56,12
21,6,2024,9,17,0,42.32334566666667,117.20455283333334,1502.3,0.0329244608,-1,0.56,12
21,6,2024,9,17,1,42.323346,117.204553,1502.4,0.023150011499999998,-1,0.56,12
